{
  "Sphere": {
    "mean_fitness": 2763.934384816195,
    "std_fitness": 702.1847342166017,
    "min_fitness": 1844.8598307006505,
    "max_fitness": 3875.75410310657,
    "median_fitness": 2708.4425510406045,
    "mean_time": 0.007449674606323242,
    "total_time": 0.03724837303161621
  },
  "Rastrigin": {
    "mean_fitness": 273.5368314118107,
    "std_fitness": 7.571773116301366,
    "min_fitness": 259.6994636418661,
    "max_fitness": 280.5018750298969,
    "median_fitness": 277.34710271655865,
    "mean_time": 0.010397672653198242,
    "total_time": 0.05198836326599121
  },
  "Rosenbrock": {
    "mean_fitness": 3592.585333006301,
    "std_fitness": 685.311007576736,
    "min_fitness": 2894.481868470966,
    "max_fitness": 4700.788492857293,
    "median_fitness": 3339.994276278702,
    "mean_time": 0.012398862838745117,
    "total_time": 0.061994314193725586
  }
}