{
  "Sphere": {
    "mean_fitness": 685.5138690113125,
    "std_fitness": 211.02549230078066,
    "min_fitness": 300.5180805628801,
    "max_fitness": 1034.0624284289315,
    "median_fitness": 685.7666830994102,
    "mean_time": 0.022909390926361083,
    "total_time": 0.4581878185272217
  },
  "Rastrigin": {
    "mean_fitness": 263.47428982905546,
    "std_fitness": 7.369138368299887,
    "min_fitness": 246.94653045180468,
    "max_fitness": 272.92517907669367,
    "median_fitness": 263.4686949739295,
    "mean_time": 0.03976747989654541,
    "total_time": 0.7953495979309082
  },
  "Rosenbrock": {
    "mean_fitness": 547.4705831494063,
    "std_fitness": 241.5435792659157,
    "min_fitness": 257.4385592506925,
    "max_fitness": 1080.8561307778234,
    "median_fitness": 429.9690565637609,
    "mean_time": 0.042668819427490234,
    "total_time": 0.8533763885498047
  },
  "Ackley": {
    "mean_fitness": 10.363277340424434,
    "std_fitness": 1.0980531758934438,
    "min_fitness": 7.668207978798478,
    "max_fitness": 11.989943203514223,
    "median_fitness": 10.565519918091217,
    "mean_time": 0.04994512796401977,
    "total_time": 0.9989025592803955
  },
  "Griewank": {
    "mean_fitness": 6.696967815732476,
    "std_fitness": 1.8379760932396807,
    "min_fitness": 3.706728639597209,
    "max_fitness": 10.310096735021189,
    "median_fitness": 6.329210949061029,
    "mean_time": 0.04574422836303711,
    "total_time": 0.9148845672607422
  },
  "Schwefel": {
    "mean_fitness": 9944.32673198432,
    "std_fitness": 155.64252259606894,
    "min_fitness": 9630.569198969904,
    "max_fitness": 10183.598348157451,
    "median_fitness": 9967.37047195515,
    "mean_time": 0.026668715476989745,
    "total_time": 0.5333743095397949
  },
  "Levy": {
    "mean_fitness": 3.4893965563670357,
    "std_fitness": 1.3425104830692955,
    "min_fitness": 1.2754145366344558,
    "max_fitness": 6.5933843800994385,
    "median_fitness": 3.2815018593673706,
    "mean_time": 0.07046185731887818,
    "total_time": 1.4092371463775635
  },
  "Michalewicz": {
    "mean_fitness": -4.836019135299705,
    "std_fitness": 0.5247781789511895,
    "min_fitness": -6.636561219824125,
    "max_fitness": -4.394624675759621,
    "median_fitness": -4.626946845230357,
    "mean_time": 0.042734956741333006,
    "total_time": 0.8546991348266602
  },
  "Zakharov": {
    "mean_fitness": 29.184482102752064,
    "std_fitness": 7.340289898987741,
    "min_fitness": 15.276904424878259,
    "max_fitness": 38.92413868611139,
    "median_fitness": 30.003839551666434,
    "mean_time": 0.03980033397674561,
    "total_time": 0.7960066795349121
  },
  "Easom": {
    "mean_fitness": 0.0,
    "std_fitness": 0.0,
    "min_fitness": 0.0,
    "max_fitness": 0.0,
    "median_fitness": 0.0,
    "mean_time": 0.04296554327011108,
    "total_time": 0.8593108654022217
  },
  "StyblinskiTang": {
    "mean_fitness": -293.25374164448067,
    "std_fitness": 10.322651331646519,
    "min_fitness": -312.3253859674732,
    "max_fitness": -271.6774946077633,
    "median_fitness": -294.35717436782255,
    "mean_time": 0.0861858606338501,
    "total_time": 1.723717212677002
  }
}